source,target
Liberté,Part-Dieu Auditorium
M. Houël Hôtel de Ville,Lycée Jacques Brel
Croix-Luizet,Debourg
Jean Macé,Route de Vienne
Boutasse - C. Rousset,Hôtel Région Montrochet
Alfred de Vigny,Hôtel Région Montrochet
Bron Hôtel de Ville,Place des Archives
Lenine - Corsiere,Herriot - Cagne
Desgenettes,Saint-Priest Bel Air
Parc Technologique,Sainte-Blandine
La Borelle,Croizat - Paul Bert
Hauts de Feuilly,Saint-Priest Bel Air
Desgenettes,Parilly - Université
Division Leclerc,Darnaise
Monplaisir Lumière,Gare de Vaise-G.Collomb
Eurexpo Entrée Princ.,Grange Blanche
Manufacture Montluc,Archives Departementales
Joliot-Curie - M. Sembat,Lycee Colbert
Perrache,Esplanade des Arts
Desgenettes,Mermoz - Moselle
Palais Justice Mairie 3e,Hôtel Région Montrochet
La Feuillée,Charmettes
Garibaldi - Berthelot,Saint-Priest Jules Ferry
Perrache,Bron Hôtel de Ville
Cordeliers,Cusset
Le Tonkin,Lycée Jacques Brel
Manufacture Montluc,Beauvisage CISL
Monplaisir Lumière,Bellecour
Grandclément,Bernaix
Garibaldi - Berthelot,Les Alizés
Maurice Thorez,Thiers - Lafayette
Paul Berliet,Mions Croix Rouge
IUT Feyssine,Place des Archives
Meyzieu Gare,Décines Roosevelt
Centre Berthelot,Cordière
Le Tonkin,Debourg
Route de Vienne,Hôtel Région Montrochet
Condorcet,Manufacture Montluc
Décines Centre,Meyzieu Z.i.
Croix-Rousse,Cuire
Jet d'Eau - M. France,Europe - Université
Centre Berthelot,Rebufer
Europe - Université,Saint-Priest Jules Ferry
Saxe - Gambetta,Bellecour
Challemel Lacour Artill.,Mermoz - Californie
Dauphiné -Lacassagne,Reconnaissance - Balzac
Gare de Vénissieux,Lycee Colbert
La Feuillée,Grandclément
Gare de Vénissieux,La Doua - Gaston Berger
St-Priest Hôtel de Ville,Esplanade des Arts
Gare Part-Dieu V.Merle,ENS Lyon
Etats-Unis Tony Garnier,Lenine - Corsiere
Garibaldi,Grange Blanche
Petite Guille,Essarts - Laennec
Meyzieu les Panettes,Meyzieu Lycée Beltrame
Saxe - Préfecture,Musée des Confluences
Esplanade des Arts,Place des Archives
Bron Hôtel de Ville,Lycee J.P. Sartre
Etats-Unis Viviani,Charpennes Charles Hernu
Laennec,Sans Souci
Salvador Allende,Saint-Priest Bel Air
Rebufer,Porte des Alpes
Gare Part-Dieu V.Merle,La Doua - Gaston Berger
Rue de l'Université,Halle Tony Garnier
Ambroise Paré,Parc du Chêne
Gratte Ciel,Flachet - Alain Gilles
Monplaisir Lumière,Guillotière Gabriel Péri
Lycee J.P. Sartre,Chassieu ZAC du Chêne
Université Lyon 1,Etats-Unis Viviani
Collège Bellecombe,Etats-Unis Tony Garnier
Perrache,Parc Technologique
Laurent Bonnevay,Ampère - Victor Hugo
Desgenettes,Petite Guille
Darnaise,Hôp. Feyzin Vénissieux
Part-Dieu Auditorium,Hôtel Région Montrochet
Challemel Lacour Artill.,Hôpitaux Est - Pinel
Essarts - Iris,Eurexpo Entrée Princ.
Garibaldi - Berthelot,Hauts de Feuilly
Maurice Thorez,Darnaise
Sans Souci,Bellecour
Place des Archives,Halle Tony Garnier
Guillotière Gabriel Péri,Condorcet
Bon Coin - Médipôle,Terrasses Presqu'île
Garibaldi - Berthelot,Ambroise Paré
Gare Part-Dieu V.Merle,Place Guichard
Centre Berthelot,Salvador Allende
Centre Berthelot,Desgenettes
Villon,Place des Archives
Guillotière Gabriel Péri,Garibaldi
Europe - Université,Hauts de Feuilly
Challemel Lacour Artill.,Moulin à Vent
Joliot-Curie - M. Sembat,Thiers - Lafayette
Croizat - Paul Bert,Archives Departementales
Desgenettes,Essarts - Laennec
Lycée Lumière,Joliot-Curie - M. Sembat
Collège Bellecombe,ENS Lyon
Croizat - Paul Bert,Beauvisage CISL
Salvador Allende,Alfred de Vigny
Parilly,Parc Nelson Mandela
Bel Air - Les Brosses,Décines Grand Large
Rebufer,St-Priest Hôtel de Ville
Mions Croix Rouge,Parc Nelson Mandela
Gare Part-Dieu V.Merle,Collège Bellecombe
Beauvisage CISL,Essarts - Laennec
Condorcet,Archives Departementales
Reconnaissance - Balzac,Meyzieu Gare
Saxe - Préfecture,Gare Part-Dieu V.Merle
Gare de Vénissieux,Thiers - Lafayette
Gorge de Loup,Gare de Vaise-G.Collomb
Université Lyon 1,IUT Feyssine
Perrache,Route de Vienne
Liberté,Debourg
Condorcet,Beauvisage CISL
Cordeliers,Verlaine
Ambroise Paré,Saint-Priest Jules Ferry
Garibaldi - Berthelot,Jet d'Eau - M. France
Quai Claude Bernard,ENS Lyon
Gorge de Loup,Bellecour
Salvador Allende,Porte des Alpes
La Borelle,Gare Part-Dieu Villette
Ambroise Paré,Les Alizés
Joliot-Curie - M. Sembat,Darnaise
Part-Dieu Auditorium,Université Lyon 1
Villon,Boutasse - C. Rousset
Venissy Frida Kahlo,Joliot-Curie - M. Sembat
Ambroise Paré,De Tassigny - Curial
Desgenettes,Beauvisage CISL
Essarts - Iris,Europe - Université
Les Meurières,Mions Libération
Parc du Chêne,Eurexpo Entrée Princ.
Jean XXIII - M. Bastié,Porte des Alpes
Quai Claude Bernard,La Doua - Gaston Berger
Bachut - Mairie du 8ème,Place des Archives
Hôtel de Ville L. Pradel,République Villeurbanne
Lycée Jacques Brel,Hôp. Feyzin Vénissieux
Brotteaux,Debourg
Gare de Vénissieux,Charpennes Charles Hernu
La Borelle,Manufacture Montluc
Halles Paul Bocuse,Bernaix
Gare de Vénissieux,Darnaise
Centre Berthelot,Sainte-Blandine
Reconnaissance - Balzac,Gare de Villeurbanne
La Doua - Gaston Berger,Herriot - Cagne
Saxe - Lafayette,Bernaix
Rue de l'Université,Liberté
Gare de Villeurbanne,Meyzieu Gare
La Doua - Gaston Berger,Place des Archives
Ambroise Paré,Hauts de Feuilly
Bel Air - Les Brosses,Gare Part-Dieu Villette
Le Tonkin,Condorcet
Salvador Allende,St-Priest Hôtel de Ville
Bel Air - Les Brosses,Meyzieu Z.i.
Villon,Jean XXIII - M. Bastié
Gare Part-Dieu V.Merle,Sainte-Blandine
Boutasse - C. Rousset,Europe - Université
Salvador Allende,Hôtel Région Montrochet
Saint-André,ENS Lyon
Bellecour,République Villeurbanne
Boutasse - C. Rousset,Place des Archives
Jean XXIII - M. Bastié,St-Priest Hôtel de Ville
Bachut - Mairie du 8ème,Boutasse - C. Rousset
Saxe - Gambetta,Jean Macé
Quai Claude Bernard,Collège Bellecombe
Parc Technologique,Saint-Priest Bel Air
Lycée Lumière,La Borelle
Jet d'Eau - M. France,Lenine - Corsiere
La Feuillée,Cyprian - Léon Blum
Lycée Jacques Brel,Maurice Thorez
Cordeliers,Charmettes
Lenine - Corsiere,Lycee Colbert
Rue de l'Université,Place des Archives
De Tassigny - Curial,Eurexpo Entrée Princ.
Palais Justice Mairie 3e,IUT Feyssine
Vaulx-en-Velin La Soie,Cordeliers
IUT Feyssine,ENS Lyon
Joliot-Curie - M. Sembat,Hôp. Feyzin Vénissieux
Gare de Vaise-G.Collomb,Mermoz - Pinel
Foch,Cusset
Jean Macé,Saint-Priest Jules Ferry
Saxe - Préfecture,Thiers - Lafayette
Jean Macé,Les Alizés
Etats-Unis Viviani,Joliot-Curie - M. Sembat
Cordeliers,Grandclément
Gare Part-Dieu V.Merle,Croix-Luizet
Route de Vienne,Europe - Université
Parilly - Université,Saint-Priest Jules Ferry
Monplaisir Lumière,Vieux Lyon Cat. St-Jean
Place Jean Jaurès,Place Guichard
Charpennes Charles Hernu,Debourg
Division Leclerc,Gare Part-Dieu Villette
Etats-Unis Tony Garnier,Hôp. Feyzin Vénissieux
Boutasse - C. Rousset,Lycee J.P. Sartre
Esplanade des Arts,Cordière
Bachut - Mairie du 8ème,Jean XXIII - M. Bastié
Quai Claude Bernard,Saxe - Préfecture
Verlaine,Terrasses Presqu'île
Collège Bellecombe,Sainte-Blandine
Jet d'Eau - M. France,Lycée Jacques Brel
Les Alizés,Porte des Alpes
Cuire,Hôtel de Ville L. Pradel
Condorcet,Etats-Unis Viviani
Palais Justice Mairie 3e,Le Tonkin
Saint-André,Collège Bellecombe
Herriot - Cagne,Hôp. Feyzin Vénissieux
Desgenettes,Eurexpo Entrée Princ.
Saxe - Préfecture,Charpennes Charles Hernu
Part-Dieu Auditorium,Place des Archives
Jean Macé,Hauts de Feuilly
Division Leclerc,Manufacture Montluc
Liberté,Condorcet
M. Houël Hôtel de Ville,Joliot-Curie - M. Sembat
Cité Berliet,Saint-Priest Salengro
Bellecour,Cusset
Le Tonkin,M. Houël Hôtel de Ville
Gare Saint-Paul,Thiers - Lafayette
Jean Macé,Ambroise Paré
Lycee J.P. Sartre,De Tassigny - Curial
Ampère - Victor Hugo,Cusset
Musée des Confluences,ENS Lyon
Décines Centre,Meyzieu les Panettes
La Doua - Gaston Berger,Musée des Confluences
Quai Claude Bernard,Sainte-Blandine
Place Jean Jaurès,Debourg
Parilly - Université,Hauts de Feuilly
Lenine - Corsiere,Thiers - Lafayette
Meyzieu Z.i.,Décines Roosevelt
Jet d'Eau - M. France,Grange Blanche
Perrache,Gratte Ciel
Université Lyon 1,Lenine - Corsiere
Collège Bellecombe,Croix-Luizet
Collège Bellecombe,Division Leclerc
Etats-Unis Tony Garnier,Maurice Thorez
Maurice Thorez,Gare Part-Dieu Villette
Le Tonkin,Joliot-Curie - M. Sembat
Les Alizés,St-Priest Hôtel de Ville
Gare Part-Dieu Villette,Meyzieu les Panettes
Palais Justice Mairie 3e,Part-Dieu Auditorium
Saint-André,Saxe - Préfecture
Condorcet,IUT Feyssine
Blanqui - Le Rize,Thiers - Lafayette
Rebufer,Place des Archives
Vaulx-en-Velin La Soie,Décines OL Vallée
Quai Claude Bernard,Croix-Luizet
Collège Bellecombe,Hôp. Feyzin Vénissieux
Darnaise,Archives Departementales
Jean Macé,Jet d'Eau - M. France
Etats-Unis Viviani,La Borelle
Hôp. Feyzin Vénissieux,Charpennes Charles Hernu
Perrache,Halle Tony Garnier
Place des Archives,Musée des Confluences
Maurice Thorez,Manufacture Montluc
Lenine - Corsiere,Darnaise
Laennec,Gorge de Loup
Darnaise,Beauvisage CISL
Desgenettes,Europe - Université
Décines Grand Large,Meyzieu les Panettes
Gorge de Loup,Vieux Lyon Cat. St-Jean
Saint-André,Sainte-Blandine
Université Lyon 1,Lycée Jacques Brel
Laurent Bonnevay,Charpennes Charles Hernu
Collège Bellecombe,Croizat - Paul Bert
Perrache,Saint-Priest Jules Ferry
Mions Libération,Mions Croix Rouge
Etats-Unis Tony Garnier,M. Houël Hôtel de Ville
Parilly,Grange Blanche
Masséna,République Villeurbanne
Garibaldi - Berthelot,Cordière
Perrache,Les Alizés
Bon Coin - Médipôle,Part-Dieu Jules Favre
Musée des Confluences,Debourg
Garibaldi - Berthelot,Rebufer
IUT Feyssine,Sainte-Blandine
Centre Berthelot,Saint-Priest Bel Air
Joliot-Curie - M. Sembat,Gare Part-Dieu Villette
Centre Berthelot,Parilly - Université
Europe - Université,Cordière
Bron Hôtel de Ville,Esplanade des Arts
Part-Dieu Auditorium,Musée des Confluences
St-Priest Hôtel de Ville,Saint-Priest Jules Ferry
Collège Bellecombe,Maurice Thorez
La Doua - Gaston Berger,Lycee Colbert
Meyzieu les Panettes,Décines Roosevelt
Esplanade des Arts,Sainte-Blandine
Saint-André,Croix-Luizet
Gare de Villeurbanne,Vaulx-en-Velin La Soie
Parilly,Mions Croix Rouge
Jet d'Eau - M. France,Bachut - Mairie du 8ème
Rue de l'Université,ENS Lyon
Guillotière Gabriel Péri,Halle Tony Garnier
Gare de Vénissieux,Gare Part-Dieu Villette
Joliot-Curie - M. Sembat,Manufacture Montluc
Cordeliers,Cyprian - Léon Blum
Perrache,Hauts de Feuilly
Les Meurières,23 Août 1944
Essarts - Iris,Grange Blanche
Croix-Luizet,Hôtel Région Montrochet
IUT Feyssine,Croix-Luizet
Cordeliers,Bellecour
Perrache,Ambroise Paré
Garibaldi - Berthelot,Salvador Allende
Hôtel de Ville L. Pradel,Charpennes Charles Hernu
Saxe - Gambetta,Oullins Centre
Croix-Paquet,Hôtel de Ville L. Pradel
Place des Archives,ENS Lyon
Rue de l'Université,La Doua - Gaston Berger
Guillotière Gabriel Péri,Université Lyon 1
Garibaldi - Berthelot,Desgenettes
Jean XXIII - M. Bastié,Place des Archives
Vaulx-en-Velin La Soie,Bellecour
Gare Saint-Paul,Terrasses Presqu'île
Centre Berthelot,Alfred de Vigny
Lycée Jacques Brel,Archives Departementales
Bellecour,Mermoz - Pinel
Guillotière Gabriel Péri,Gare de Vénissieux
Europe - Université,Salvador Allende
Bron Hôtel de Ville,Parc Technologique
Manufacture Montluc,Lycee Colbert
Décines Centre,Meyzieu Lycée Beltrame
Cité Berliet,Parilly
Lycée Jacques Brel,Beauvisage CISL
Le Tonkin,Archives Departementales
Lycée Lumière,Herriot - Cagne
Route de Mions,Parilly
La Feuillée,Bernaix
Bel Air - Les Brosses,Meyzieu Gare
Laurent Bonnevay,Terrasses Presqu'île
Part-Dieu Auditorium,Gare Part-Dieu V.Merle
Gare de Vénissieux,La Borelle
Le Tonkin,Hôtel Région Montrochet
Le Tonkin,Beauvisage CISL
Perrache,Liberté
Gare de Vaise-G.Collomb,Bellecour
La Doua - Gaston Berger,Thiers - Lafayette
Blanqui - Le Rize,Terrasses Presqu'île
Saxe - Gambetta,Monplaisir Lumière
Jean XXIII - M. Bastié,Boutasse - C. Rousset
Rue de l'Université,Collège Bellecombe
Route de Mions,23 Août 1944
Ambroise Paré,Cordière
Garibaldi - Berthelot,Villon
Villon,Esplanade des Arts
Ambroise Paré,Rebufer
Part-Dieu Auditorium,La Doua - Gaston Berger
Villon,Bron Hôtel de Ville
Venissy Frida Kahlo,Herriot - Cagne
Croizat - Paul Bert,Lenine - Corsiere
Charmettes,Verlaine
Foch,Flachet - Alain Gilles
Saxe - Gambetta,Stade de Gerland Le LOU
Parilly,Garibaldi
Parc du Chêne,Grange Blanche
Perrache,Place des Archives
Mermoz - Californie,Vinatier
Bachut - Mairie du 8ème,Sainte-Blandine
Place Guichard,Debourg
Hôtel de Ville L. Pradel,Flachet - Alain Gilles
Lycée Lumière,Venissy Frida Kahlo
Archives Departementales,Lycee Colbert
Décines Grand Large,Meyzieu Lycée Beltrame
Gare de Vénissieux,Lycée Lumière
Route de Vienne,Grange Blanche
Condorcet,Lenine - Corsiere
Bron Hôtel de Ville,Chassieu ZAC du Chêne
La Doua - Gaston Berger,Charpennes Charles Hernu
La Doua - Gaston Berger,Darnaise
Manufacture Montluc,Thiers - Lafayette
Collège Bellecombe,Manufacture Montluc
Place des Archives,Thiers - Lafayette
Etats-Unis Tony Garnier,Archives Departementales
St-Priest Hôtel de Ville,Place des Archives
Garibaldi,Gare de Vénissieux
Rue de l'Université,Saxe - Préfecture
Guillotière Gabriel Péri,Liberté
Route de Vienne,Villon
Part-Dieu Jules Favre,Saxe - Lafayette
Ambroise Paré,Salvador Allende
Villon,Parc Technologique
Le Tonkin,Université Lyon 1
Part-Dieu Jules Favre,Instit. Art Contemporain
Etats-Unis Tony Garnier,Beauvisage CISL
Ambroise Paré,Desgenettes
Les Alizés,Place des Archives
Croizat - Paul Bert,Lycée Jacques Brel
Herriot - Cagne,Archives Departementales
Bachut - Mairie du 8ème,Esplanade des Arts
Laurent Bonnevay,Gare Saint-Paul
Bellecour,Flachet - Alain Gilles
Bachut - Mairie du 8ème,Bron Hôtel de Ville
Herriot - Cagne,Beauvisage CISL
Liberté,Hôtel Région Montrochet
Sainte-Blandine,Debourg
Jet d'Eau - M. France,Joliot-Curie - M. Sembat
De Tassigny - Curial,Grange Blanche
Rue de l'Université,Sainte-Blandine
Guillotière Gabriel Péri,Place des Archives
Condorcet,Lycée Jacques Brel
Mermoz - Moselle,Vinatier
Manufacture Montluc,Charpennes Charles Hernu
Part-Dieu Auditorium,Thiers - Lafayette
Instit. Art Contemporain,Halles Paul Bocuse
Perrache,République Villeurbanne
Jean Macé,Cordière
Saxe - Gambetta,Gare Part-Dieu V.Merle
Debourg,Challemel Lacour Artill.
Condorcet,Debourg
Jean Macé,Rebufer
Etats-Unis Viviani,Herriot - Cagne
Place des Archives,Sainte-Blandine
Lenine - Corsiere,Gare Part-Dieu Villette
Archives Departementales,Thiers - Lafayette
Beauvisage - Pressensé,Mermoz - Pinel
Parilly - Université,Cordière
Boutasse - C. Rousset,Esplanade des Arts
Saint-Priest Jules Ferry,Place des Archives
Les Alizés,Lycee J.P. Sartre
Jean Macé,Place Guichard
Alfred de Vigny,Esplanade des Arts
Desgenettes,Debourg
Dauphiné -Lacassagne,Décines Grand Large
Bachut - Mairie du 8ème,Parc Technologique
Gare Part-Dieu Villette,Lycee Colbert
Boutasse - C. Rousset,Bron Hôtel de Ville
Esplanade des Arts,Saint-Priest Bel Air
Quai Claude Bernard,Palais Justice Mairie 3e
Rue de l'Université,Croix-Luizet
Route de Vienne,Bachut - Mairie du 8ème
Part-Dieu Auditorium,Charpennes Charles Hernu
Lenine - Corsiere,Manufacture Montluc
Palais Justice Mairie 3e,Condorcet
Desgenettes,Grange Blanche
Hauts de Feuilly,Grange Blanche
Jean Macé,Salvador Allende
Liberté,Université Lyon 1
Masséna,Charpennes Charles Hernu
M. Houël Hôtel de Ville,Herriot - Cagne
Archives Departementales,Charpennes Charles Hernu
Jean Macé,Desgenettes
Etats-Unis Viviani,Venissy Frida Kahlo
Jean Macé,Debourg
Jet d'Eau - M. France,Porte des Alpes
La Borelle,Lenine - Corsiere
Parilly - Université,Salvador Allende
Boutasse - C. Rousset,Parc Technologique
Monplaisir Lumière,Grange Blanche
Croizat - Paul Bert,Charpennes Charles Hernu
Perrache,Cusset
Université Lyon 1,Joliot-Curie - M. Sembat
Cordeliers,Bernaix
Quai Claude Bernard,Rue de l'Université
Saxe - Préfecture,Halle Tony Garnier
Bron Hôtel de Ville,Parc du Chêne
Le Tonkin,Herriot - Cagne
Jet d'Eau - M. France,La Borelle
Lycée Lumière,Lycee Colbert
Saint-André,Palais Justice Mairie 3e
Guillotière Gabriel Péri,Musée des Confluences
Paul Berliet,Saint-Priest Salengro
Le Tonkin,Place des Archives
Dauphiné -Lacassagne,Gare Part-Dieu Villette
Debourg,Oullins Centre
Bel Air - Les Brosses,Vaulx-en-Velin La Soie
Salvador Allende,Grange Blanche
Etats-Unis Tony Garnier,Etats-Unis Viviani
Charpennes Charles Hernu,Beauvisage CISL
Foch,Hôtel de Ville L. Pradel
Rebufer,Sainte-Blandine
Gare Part-Dieu Villette,Thiers - Lafayette
Gare de Vénissieux,Jet d'Eau - M. France
M. Houël Hôtel de Ville,Venissy Frida Kahlo
Perrache,ENS Lyon
Ampère - Victor Hugo,Bellecour
Jet d'Eau - M. France,St-Priest Hôtel de Ville
Gare de Vaise-G.Collomb,Vieux Lyon Cat. St-Jean
Laennec,Valmy
Venissy Frida Kahlo,Lycee Colbert
Perrache,Cordière
Masséna,Flachet - Alain Gilles
Garibaldi - Berthelot,Saint-Priest Bel Air
Perrache,Rebufer
Vaulx-en-Velin La Soie,Meyzieu les Panettes
Garibaldi - Berthelot,Parilly - Université
Gare Saint-Paul,Part-Dieu Jules Favre
Rebufer,Esplanade des Arts
Boutasse - C. Rousset,Chassieu ZAC du Chêne
Gare Part-Dieu Villette,Charpennes Charles Hernu
Reconnaissance - Balzac,Meyzieu Z.i.
Centre Berthelot,Europe - Université
Europe - Université,Saint-Priest Bel Air
Saxe - Gambetta,Charpennes Charles Hernu
Challemel Lacour Artill.,Mermoz - Pinel
Bron Hôtel de Ville,Saint-Priest Jules Ferry
Cordière,Sainte-Blandine
Mermoz - Californie,Hôpitaux Est - Pinel
St-Priest Hôtel de Ville,Cordière
Croix-Luizet,Musée des Confluences
Saint-Priest Bel Air,Grange Blanche
Bron Hôtel de Ville,Les Alizés
Guillotière Gabriel Péri,Gare Part-Dieu V.Merle
Bron Hôtel de Ville,De Tassigny - Curial
Lycée Lumière,Thiers - Lafayette
Essarts - Iris,Porte des Alpes
Gare Part-Dieu V.Merle,IUT Feyssine
Université Lyon 1,La Borelle
Perrache,Masséna
Perrache,Salvador Allende
Collège Bellecombe,Etats-Unis Viviani
Perrache,Collège Bellecombe
Gorge de Loup,Grange Blanche
La Doua - Gaston Berger,Gare Part-Dieu Villette
Garibaldi - Berthelot,Alfred de Vigny
Perrache,Desgenettes
Blanqui - Le Rize,Part-Dieu Jules Favre
Hôtel de Ville L. Pradel,Gratte Ciel
Charmettes,Cyprian - Léon Blum
Saxe - Gambetta,St-Genis-Laval Hôp. Sud
Guillotière Gabriel Péri,La Doua - Gaston Berger
Garibaldi - Berthelot,Essarts - Iris
Jean XXIII - M. Bastié,Sainte-Blandine
Rebufer,Parc Technologique
Saxe - Lafayette,Instit. Art Contemporain
Le Tonkin,Musée des Confluences
Reconnaissance - Balzac,Bel Air - Les Brosses
Europe - Université,Alfred de Vigny
Bon Coin - Médipôle,Blanqui - Le Rize
Challemel Lacour Artill.,Beauvisage - Pressensé
Monplaisir Lumière,Garibaldi
Bron Hôtel de Ville,Hauts de Feuilly
Hôtel Région Montrochet,Grange Blanche
Mermoz - Californie,Mermoz - Moselle
Décines Centre,Décines OL Vallée
Bon Coin - Médipôle,Verlaine
Venissy Frida Kahlo,Thiers - Lafayette
Décines Centre,Décines Roosevelt
Parc Technologique,Salvador Allende
Gare de Villeurbanne,Meyzieu Z.i.
Lycée Lumière,Charpennes Charles Hernu
Lycée Lumière,Darnaise
Mermoz - Moselle,Hôpitaux Est - Pinel
Etats-Unis Viviani,Lycee Colbert
Saint-Priest Jules Ferry,Cordière
Salvador Allende,Esplanade des Arts
Porte des Alpes,Grange Blanche
Décines OL Vallée,Décines Roosevelt
Laennec,Mermoz - Pinel
Essarts - Iris,St-Priest Hôtel de Ville
Gare Part-Dieu V.Merle,Le Tonkin
Saxe - Gambetta,Brotteaux
La Doua - Gaston Berger,La Borelle
Perrache,Saxe - Préfecture
Jean XXIII - M. Bastié,Esplanade des Arts
Saxe - Préfecture,Place des Archives
Collège Bellecombe,IUT Feyssine
Cordeliers,Ampère - Victor Hugo
Maurice Thorez,Lenine - Corsiere
Saxe - Gambetta,Sans Souci
Jean XXIII - M. Bastié,Bron Hôtel de Ville
Guillotière Gabriel Péri,Collège Bellecombe
Ambroise Paré,Saint-Priest Bel Air
Villon,Saint-Priest Jules Ferry
Condorcet,M. Houël Hôtel de Ville
Paul Berliet,Parilly
Brotteaux,Oullins Centre
Vaulx-en-Velin La Soie,Ampère - Victor Hugo
Ambroise Paré,Parilly - Université
Villon,Les Alizés
Venissy Frida Kahlo,Darnaise
Croizat - Paul Bert,Joliot-Curie - M. Sembat
Saxe - Gambetta,Gare d'Oullins
Laurent Bonnevay,Halles Paul Bocuse
Parilly,Gare de Vénissieux
Perrache,Sainte-Blandine
M. Houël Hôtel de Ville,Lycee Colbert
Route de Vienne,Porte des Alpes
Quai Claude Bernard,IUT Feyssine
Gare de Villeurbanne,Bel Air - Les Brosses
Lycée Lumière,Division Leclerc
Décines Grand Large,Décines OL Vallée
Décines Grand Large,Décines Roosevelt
Guillotière Gabriel Péri,Thiers - Lafayette
Hôtel Région Montrochet,Charpennes Charles Hernu
La Borelle,Hôp. Feyzin Vénissieux
Gare de Vénissieux,Etats-Unis Tony Garnier
Condorcet,Joliot-Curie - M. Sembat
Garibaldi - Berthelot,Hôtel Région Montrochet
La Doua - Gaston Berger,Lycée Lumière
Essarts - Laennec,Hôpitaux Est - Pinel
Vaulx-en-Velin La Soie,Meyzieu Lycée Beltrame
Boutasse - C. Rousset,Parc du Chêne
Jean XXIII - M. Bastié,Parc Technologique
Bon Coin - Médipôle,Charmettes
Collège Bellecombe,Le Tonkin
Stade de Gerland Le LOU,Gare d'Oullins
Liberté,Musée des Confluences
St-Priest Hôtel de Ville,Sainte-Blandine
ENS Lyon,Thiers - Lafayette
Rue de l'Université,Palais Justice Mairie 3e
Europe - Université,Hôtel Région Montrochet
Ambroise Paré,Alfred de Vigny
Villon,Hauts de Feuilly
Le Tonkin,Lycee Colbert
Le Tonkin,La Doua - Gaston Berger
Etats-Unis Viviani,Thiers - Lafayette
Part-Dieu Jules Favre,Halles Paul Bocuse
Vieux Lyon Cat. St-Jean,Mermoz - Pinel
La Feuillée,Cordeliers
Les Alizés,Sainte-Blandine
Ambroise Paré,Essarts - Iris
Villon,Ambroise Paré
Venissy Frida Kahlo,Division Leclerc
Perrache,Croix-Luizet
Bachut - Mairie du 8ème,Saint-Priest Jules Ferry
Darnaise,Charpennes Charles Hernu
Bon Coin - Médipôle,Grandclément
Gorge de Loup,Garibaldi
Guillotière Gabriel Péri,Charpennes Charles Hernu
Route de Vienne,St-Priest Hôtel de Ville
Bachut - Mairie du 8ème,Les Alizés
Quai Claude Bernard,Le Tonkin
La Doua - Gaston Berger,Halle Tony Garnier
Jet d'Eau - M. France,Herriot - Cagne
La Borelle,Maurice Thorez
Guillotière Gabriel Péri,Sainte-Blandine
Saint-André,IUT Feyssine
Charpennes Charles Hernu,Oullins Centre
Jet d'Eau - M. France,Place des Archives
Perrache,Flachet - Alain Gilles
Instit. Art Contemporain,Thiers - Lafayette
Laurent Bonnevay,Perrache
Croix-Luizet,Thiers - Lafayette
Les Meurières,Route de Mions
Jean Macé,Saint-Priest Bel Air
Jean Macé,Parilly - Université
Moulin à Vent,Mermoz - Californie
Les Alizés,Esplanade des Arts
M. Houël Hôtel de Ville,Thiers - Lafayette
Etats-Unis Viviani,Darnaise
Desgenettes,Alfred de Vigny
Debourg,Vinatier
Hauts de Feuilly,Alfred de Vigny
Grange Blanche,Chassieu ZAC du Chêne
Mions Libération,Parc Nelson Mandela
Desgenettes,Essarts - Iris
Beauvisage - Pressensé,Essarts - Laennec
Parilly - Université,Saint-Priest Bel Air
Boutasse - C. Rousset,Saint-Priest Jules Ferry
Saint-Priest Jules Ferry,Sainte-Blandine
Cordière,Saint-Priest Bel Air
Debourg,Thiers - Lafayette
Alfred de Vigny,Saint-Priest Jules Ferry
Dauphiné -Lacassagne,Meyzieu Gare
Bachut - Mairie du 8ème,Hauts de Feuilly
Liberté,Gare Part-Dieu V.Merle
Boutasse - C. Rousset,Les Alizés
Bernaix,Terrasses Presqu'île
Boutasse - C. Rousset,De Tassigny - Curial
Bachut - Mairie du 8ème,Ambroise Paré
Quai Claude Bernard,Part-Dieu Auditorium
Jet d'Eau - M. France,Venissy Frida Kahlo
Moulin à Vent,Hôpitaux Est - Pinel
Desgenettes,Porte des Alpes
La Borelle,M. Houël Hôtel de Ville
Hauts de Feuilly,Porte des Alpes
Le Tonkin,Thiers - Lafayette
Croix-Luizet,Charpennes Charles Hernu
Palais Justice Mairie 3e,Université Lyon 1
Saint-André,Le Tonkin
Jet d'Eau - M. France,Boutasse - C. Rousset
Division Leclerc,Hôp. Feyzin Vénissieux
Gare de Vénissieux,Collège Bellecombe
Laurent Bonnevay,République Villeurbanne
Etats-Unis Tony Garnier,Lycée Jacques Brel
Ambroise Paré,Hôtel Région Montrochet
Jean Macé,Alfred de Vigny
M. Houël Hôtel de Ville,Charpennes Charles Hernu
Liberté,La Doua - Gaston Berger
Masséna,Gratte Ciel
M. Houël Hôtel de Ville,Darnaise
Petite Guille,Beauvisage CISL
Jean Macé,Essarts - Iris
Etats-Unis Viviani,Division Leclerc
Les Alizés,Parc Technologique
Reconnaissance - Balzac,Meyzieu les Panettes
Sainte-Blandine,Hôtel Région Montrochet
Lycée Jacques Brel,Charpennes Charles Hernu
Beauvisage - Pressensé,Beauvisage CISL
Parilly - Université,Alfred de Vigny
Boutasse - C. Rousset,Hauts de Feuilly
Charpennes Charles Hernu,Musée des Confluences
Dauphiné -Lacassagne,Gare de Villeurbanne
Challemel Lacour Artill.,Mermoz - Moselle
Part-Dieu Auditorium,Halle Tony Garnier
Université Lyon 1,Herriot - Cagne
Centre Berthelot,Grange Blanche
Collège Bellecombe,Lenine - Corsiere
Gare Part-Dieu V.Merle,Debourg
Condorcet,Hôtel Région Montrochet
Le Tonkin,Charpennes Charles Hernu
Saxe - Préfecture,ENS Lyon
Université Lyon 1,Place des Archives
Le Tonkin,Darnaise
Gare de Vénissieux,Mermoz - Pinel
Moulin à Vent,Mermoz - Moselle
Charmettes,Bernaix
Desgenettes,St-Priest Hôtel de Ville
Hauts de Feuilly,St-Priest Hôtel de Ville
Saint-André,Part-Dieu Auditorium
Jet d'Eau - M. France,Jean XXIII - M. Bastié
Centre Berthelot,Villon
Division Leclerc,Maurice Thorez
Debourg,St-Genis-Laval Hôp. Sud
Desgenettes,Hôtel Région Montrochet
Hauts de Feuilly,Hôtel Région Montrochet
Saxe - Préfecture,La Doua - Gaston Berger
Foch,Ampère - Victor Hugo
Essarts - Iris,Place des Archives
M. Houël Hôtel de Ville,Division Leclerc
Maurice Thorez,Hôp. Feyzin Vénissieux
La Doua - Gaston Berger,Jet d'Eau - M. France
Etats-Unis Viviani,Croizat - Paul Bert
Lycée Lumière,Gare Part-Dieu Villette
Laennec,Gare de Vaise-G.Collomb
La Feuillée,Saxe - Lafayette
Valmy,Mermoz - Pinel
Challemel Lacour Artill.,Petite Guille
Parilly,Saint-Priest Salengro
Parilly,Monplaisir Lumière
Paul Berliet,Cité Berliet
La Feuillée,Instit. Art Contemporain
Gare de Villeurbanne,Meyzieu les Panettes
Université Lyon 1,Venissy Frida Kahlo
Collège Bellecombe,Lycée Jacques Brel
Perrache,Saint-Priest Bel Air
Mions Croix Rouge,Saint-Priest Salengro
Laennec,Bellecour
Liberté,Thiers - Lafayette
Meyzieu Gare,Gare Part-Dieu Villette
Instit. Art Contemporain,Terrasses Presqu'île
Les Alizés,Chassieu ZAC du Chêne
Perrache,Parilly - Université
Moulin à Vent,Petite Guille
Collège Bellecombe,Debourg
Bon Coin - Médipôle,Cyprian - Léon Blum
Jean Macé,Hôtel Région Montrochet
Garibaldi - Berthelot,Europe - Université
Rebufer,Saint-Priest Jules Ferry
Mermoz - Pinel,Hôpitaux Est - Pinel
Saint-Priest Bel Air,Porte des Alpes
Venissy Frida Kahlo,Gare Part-Dieu Villette
Les Meurières,Parc Nelson Mandela
Condorcet,Université Lyon 1
Essarts - Iris,Boutasse - C. Rousset
Saxe - Préfecture,Collège Bellecombe
Challemel Lacour Artill.,Essarts - Laennec
Bron Hôtel de Ville,Cordière
Alfred de Vigny,Place des Archives
Essarts - Iris,Lycee J.P. Sartre
Etats-Unis Tony Garnier,Charpennes Charles Hernu
Parilly - Université,Hôtel Région Montrochet
Bron Hôtel de Ville,Rebufer
Hôp. Feyzin Vénissieux,Lycee Colbert
Route de Mions,Mions Libération
Hénon,Hôtel de Ville L. Pradel
Quai Claude Bernard,Debourg
Laennec,Guillotière Gabriel Péri
Gare de Vaise-G.Collomb,Grange Blanche
Gare de Vénissieux,Division Leclerc
Herriot - Cagne,Charpennes Charles Hernu
La Feuillée,Gare Saint-Paul
Ambroise Paré,Eurexpo Entrée Princ.
Liberté,Charpennes Charles Hernu
Centre Berthelot,Bachut - Mairie du 8ème
Palais Justice Mairie 3e,Place des Archives
La Doua - Gaston Berger,Venissy Frida Kahlo
Venissy Frida Kahlo,Manufacture Montluc
Perrache,Hôtel de Ville L. Pradel
23 Août 1944,Mions Libération
Lycee Colbert,Beauvisage CISL
Hôtel de Ville L. Pradel,Cusset
Université Lyon 1,Musée des Confluences
Saxe - Gambetta,Gorge de Loup
Rue de l'Université,IUT Feyssine
Garibaldi - Berthelot,Boutasse - C. Rousset
Route de Vienne,Place des Archives
Rebufer,Hauts de Feuilly
Jet d'Eau - M. France,Lycee Colbert
Vaulx-en-Velin La Soie,Charpennes Charles Hernu
Saxe - Lafayette,Halles Paul Bocuse
La Borelle,Archives Departementales
Gare de Vénissieux,Hôp. Feyzin Vénissieux
Challemel Lacour Artill.,Beauvisage CISL
Monplaisir Lumière,Gare de Vénissieux
Bron Hôtel de Ville,Salvador Allende
Gare Saint-Paul,Blanqui - Le Rize
Debourg,Mermoz - Californie
Gare Saint-Paul,Verlaine
Reconnaissance - Balzac,Meyzieu Lycée Beltrame
Saint-Priest Bel Air,Hôtel Région Montrochet
La Borelle,Beauvisage CISL
Parc Technologique,Alfred de Vigny
Brotteaux,Charpennes Charles Hernu
Eurexpo Entrée Princ.,Chassieu ZAC du Chêne
Saxe - Gambetta,Gare de Vénissieux
Saint-Priest Jules Ferry,Saint-Priest Bel Air
Croix-Paquet,Hénon
Salvador Allende,Saint-Priest Jules Ferry
Gare de Vénissieux,Croizat - Paul Bert
Gare Part-Dieu V.Merle,Condorcet
Sans Souci,Gorge de Loup
Saint-André,Debourg
Perrache,Palais Justice Mairie 3e
Desgenettes,Challemel Lacour Artill.
Jean XXIII - M. Bastié,Saint-Priest Jules Ferry
Masséna,Foch
Debourg,Hôpitaux Est - Pinel
Dauphiné -Lacassagne,Vaulx-en-Velin La Soie
Saxe - Préfecture,Sainte-Blandine
Place Guichard,Oullins Centre
Parc Technologique,Porte des Alpes
Etats-Unis Viviani,Gare Part-Dieu Villette
Jean XXIII - M. Bastié,Les Alizés
Rue de l'Université,Le Tonkin
Lycée Jacques Brel,Joliot-Curie - M. Sembat
Hôp. Feyzin Vénissieux,Thiers - Lafayette
Route de Vienne,Boutasse - C. Rousset
Villon,Cordière
IUT Feyssine,Debourg
Brotteaux,St-Genis-Laval Hôp. Sud
Charpennes Charles Hernu,Thiers - Lafayette
Gare de Vénissieux,Maurice Thorez
Ambroise Paré,Europe - Université
Villon,Rebufer
Blanqui - Le Rize,Verlaine
Croizat - Paul Bert,Herriot - Cagne
Sans Souci,Gare de Vénissieux
Debourg,Moulin à Vent
Laurent Bonnevay,Thiers - Lafayette
Etats-Unis Viviani,Manufacture Montluc
Gare de Villeurbanne,Meyzieu Lycée Beltrame
Porte des Alpes,Hôtel Région Montrochet
Les Alizés,Parc du Chêne
Jet d'Eau - M. France,Thiers - Lafayette
Condorcet,Herriot - Cagne
La Doua - Gaston Berger,Etats-Unis Tony Garnier
Palais Justice Mairie 3e,Musée des Confluences
Perrache,Rue de l'Université
Vaulx-en-Velin La Soie,Décines Roosevelt
Condorcet,Place des Archives
Jean XXIII - M. Bastié,Hauts de Feuilly
Reconnaissance - Balzac,Vaulx-en-Velin La Soie
M. Houël Hôtel de Ville,Gare Part-Dieu Villette
Université Lyon 1,Lycee Colbert
Université Lyon 1,La Doua - Gaston Berger
Debourg,Mermoz - Moselle
Collège Bellecombe,Condorcet
Bron Hôtel de Ville,Sainte-Blandine
Parc Technologique,St-Priest Hôtel de Ville
Gare Saint-Paul,Charmettes
Jean XXIII - M. Bastié,Ambroise Paré
Rue de l'Université,Part-Dieu Auditorium
Route de Vienne,Jean XXIII - M. Bastié
Villon,Salvador Allende
Part-Dieu Jules Favre,Thiers - Lafayette
Parc Technologique,Hôtel Région Montrochet
Saint-Priest Salengro,Parc Nelson Mandela
Villon,Desgenettes
Desgenettes,Place des Archives
Gare de Vaise-G.Collomb,Garibaldi
Place Guichard,Stade de Gerland Le LOU
Croizat - Paul Bert,Venissy Frida Kahlo
Division Leclerc,Archives Departementales
Bachut - Mairie du 8ème,Cordière
Hôtel Région Montrochet,Halle Tony Garnier
Gare Saint-Paul,Grandclément
Cordeliers,Saxe - Lafayette
M. Houël Hôtel de Ville,Manufacture Montluc
Bachut - Mairie du 8ème,Rebufer
Quai Claude Bernard,Condorcet
Verlaine,Cyprian - Léon Blum
Lycee J.P. Sartre,Eurexpo Entrée Princ.
Le Tonkin,Gare Part-Dieu Villette
Cordeliers,Instit. Art Contemporain
Division Leclerc,Beauvisage CISL
La Doua - Gaston Berger,ENS Lyon
Jet d'Eau - M. France,Charpennes Charles Hernu
Jet d'Eau - M. France,Darnaise
Condorcet,Venissy Frida Kahlo
Charpennes Charles Hernu,St-Genis-Laval Hôp. Sud
Jet d'Eau - M. France,Sainte-Blandine
Etats-Unis Tony Garnier,Joliot-Curie - M. Sembat
Blanqui - Le Rize,Charmettes
Laurent Bonnevay,Grandclément
Jean Macé,Europe - Université
Les Alizés,Saint-Priest Jules Ferry
Laennec,Vieux Lyon Cat. St-Jean
Palais Justice Mairie 3e,Gare Part-Dieu V.Merle
Valmy,Gare de Vaise-G.Collomb
Desgenettes,Boutasse - C. Rousset
Guillotière Gabriel Péri,Gorge de Loup
Boutasse - C. Rousset,Cordière
Les Alizés,De Tassigny - Curial
Salvador Allende,Place des Archives
Desgenettes,Lycee J.P. Sartre
Alfred de Vigny,Cordière
Blanqui - Le Rize,Grandclément
Foch,Cordeliers
Bachut - Mairie du 8ème,Salvador Allende
Parilly - Université,Europe - Université
Boutasse - C. Rousset,Rebufer
Le Tonkin,La Borelle
Valmy,Bellecour
Bachut - Mairie du 8ème,Desgenettes
Université Lyon 1,Thiers - Lafayette
Maurice Thorez,Archives Departementales
Lenine - Corsiere,Hôp. Feyzin Vénissieux
Hôtel de Ville L. Pradel,Cordeliers
Jet d'Eau - M. France,Esplanade des Arts
Jet d'Eau - M. France,Division Leclerc
Bon Coin - Médipôle,Bernaix
La Feuillée,Laurent Bonnevay
Palais Justice Mairie 3e,La Doua - Gaston Berger
Saint-André,Condorcet
Jet d'Eau - M. France,Bron Hôtel de Ville
Centre Berthelot,Essarts - Iris
Villon,Sainte-Blandine
Gare de Vénissieux,Manufacture Montluc
Maurice Thorez,Beauvisage CISL
Laurent Bonnevay,Flachet - Alain Gilles
Collège Bellecombe,M. Houël Hôtel de Ville
Masséna,Cusset
Bel Air - Les Brosses,Meyzieu les Panettes
Condorcet,Musée des Confluences
Petite Guille,Grange Rouge - Santy
Grange Rouge - Santy,Vinatier
Les Alizés,Hauts de Feuilly
Meyzieu Z.i.,Gare Part-Dieu Villette
Centre Berthelot,Porte des Alpes
Garibaldi - Berthelot,Grange Blanche
Beauvisage - Pressensé,Grange Rouge - Santy
Boutasse - C. Rousset,Salvador Allende
Université Lyon 1,Charpennes Charles Hernu
Part-Dieu Auditorium,ENS Lyon
Cité Berliet,23 Août 1944
Université Lyon 1,Darnaise
Collège Bellecombe,Joliot-Curie - M. Sembat
Perrache,Jet d'Eau - M. France
Croix-Luizet,Halle Tony Garnier
Le Tonkin,Lycée Lumière
Europe - Université,Grange Blanche
Université Lyon 1,Sainte-Blandine
Jet d'Eau - M. France,Parc Technologique
Rue de l'Université,Debourg
Vaulx-en-Velin La Soie,Gare Part-Dieu Villette
Joliot-Curie - M. Sembat,Archives Departementales
Perrache,Foch
Etats-Unis Tony Garnier,La Borelle
Desgenettes,Grange Rouge - Santy
Part-Dieu Jules Favre,Terrasses Presqu'île
Les Meurières,Mions Croix Rouge
Gare d'Oullins,Debourg
Essarts - Iris,Sainte-Blandine
Joliot-Curie - M. Sembat,Beauvisage CISL
Place des Archives,Debourg
Centre Berthelot,St-Priest Hôtel de Ville
Beauvisage CISL,Grange Rouge - Santy
Le Tonkin,Halle Tony Garnier
Palais Justice Mairie 3e,Thiers - Lafayette
Thiers - Lafayette,Terrasses Presqu'île
Parilly,Sans Souci
La Feuillée,Halles Paul Bocuse
Mermoz - Californie,Mermoz - Pinel
Centre Berthelot,Hôtel Région Montrochet
Croizat - Paul Bert,Lycee Colbert
Perrache,IUT Feyssine
La Doua - Gaston Berger,Sainte-Blandine
Porte des Alpes,Place des Archives
Part-Dieu Auditorium,Collège Bellecombe
Gare Saint-Paul,Cyprian - Léon Blum
Rebufer,Cordière
Essarts - Iris,Esplanade des Arts
Centre Berthelot,Jean Macé
Condorcet,Lycee Colbert
Condorcet,La Doua - Gaston Berger
Essarts - Iris,Bron Hôtel de Ville
Boutasse - C. Rousset,Sainte-Blandine
Bron Hôtel de Ville,Saint-Priest Bel Air
Alfred de Vigny,Sainte-Blandine
Gare Part-Dieu V.Merle,Hôtel Région Montrochet
Bron Hôtel de Ville,Parilly - Université
Route de Mions,Mions Croix Rouge
Garibaldi - Berthelot,Bachut - Mairie du 8ème
Palais Justice Mairie 3e,Charpennes Charles Hernu
Laurent Bonnevay,Cyprian - Léon Blum
Gare Part-Dieu V.Merle,Jean Macé
Ambroise Paré,Grange Blanche
La Doua - Gaston Berger,Division Leclerc
La Doua - Gaston Berger,Croix-Luizet
Palais Justice Mairie 3e,Sainte-Blandine
Perrache,Ampère - Victor Hugo
Perrache,Le Tonkin
Saxe - Gambetta,Place Jean Jaurès
23 Août 1944,Mions Croix Rouge
Halles Paul Bocuse,Thiers - Lafayette
Hôp. Feyzin Vénissieux,Gare Part-Dieu Villette
Guillotière Gabriel Péri,Perrache
Blanqui - Le Rize,Cyprian - Léon Blum
Grandclément,Terrasses Presqu'île
Sainte-Blandine,Grange Blanche
Mermoz - Moselle,Mermoz - Pinel
Saxe - Gambetta,Valmy
Guillotière Gabriel Péri,IUT Feyssine
Petite Guille,Vinatier
Rebufer,Salvador Allende
Essarts - Iris,Parc Technologique
Vaulx-en-Velin La Soie,Gratte Ciel
Saxe - Lafayette,Thiers - Lafayette
Bel Air - Les Brosses,Meyzieu Lycée Beltrame
Place Guichard,Charpennes Charles Hernu
Perrache,Quai Claude Bernard
Croix-Rousse,Hénon
Reconnaissance - Balzac,Décines Centre
Saxe - Préfecture,Palais Justice Mairie 3e
Bron Hôtel de Ville,Alfred de Vigny
La Doua - Gaston Berger,Hôp. Feyzin Vénissieux
Beauvisage - Pressensé,Vinatier
Gare de Vénissieux,Vieux Lyon Cat. St-Jean
Collège Bellecombe,Archives Departementales
Croizat - Paul Bert,Thiers - Lafayette
Reconnaissance - Balzac,Décines Roosevelt
Lycée Lumière,Etats-Unis Tony Garnier
Liberté,Halle Tony Garnier
Hôp. Feyzin Vénissieux,Manufacture Montluc
Jet d'Eau - M. France,Gare Part-Dieu Villette
Collège Bellecombe,Hôtel Région Montrochet
Collège Bellecombe,Beauvisage CISL
Salvador Allende,Cordière
Croix-Paquet,Cuire
Gare Part-Dieu V.Merle,Université Lyon 1
Part-Dieu Auditorium,Sainte-Blandine
Sans Souci,Valmy
Foch,Bellecour
Saxe - Gambetta,Place Guichard
La Doua - Gaston Berger,Croizat - Paul Bert
Hôtel Région Montrochet,Musée des Confluences
Croix-Luizet,Place des Archives
Condorcet,Thiers - Lafayette
Perrache,Part-Dieu Auditorium
Jean XXIII - M. Bastié,Cordière
Route de Vienne,Esplanade des Arts
Place Guichard,St-Genis-Laval Hôp. Sud
Desgenettes,Vinatier
Hôtel de Ville L. Pradel,Bellecour
Jean XXIII - M. Bastié,Rebufer
Valmy,Vieux Lyon Cat. St-Jean
Rue de l'Université,Condorcet
Lycée Jacques Brel,Herriot - Cagne
Route de Vienne,Bron Hôtel de Ville
Villon,Saint-Priest Bel Air
Quai Claude Bernard,Hôtel Région Montrochet
Villon,Parilly - Université
Grange Rouge - Santy,Mermoz - Californie
Croizat - Paul Bert,Darnaise
Beauvisage CISL,Vinatier
Sainte-Blandine,Charpennes Charles Hernu
La Doua - Gaston Berger,Maurice Thorez
Guillotière Gabriel Péri,Quai Claude Bernard
Gare de Villeurbanne,Décines Centre
Jean Macé,Grange Blanche
Part-Dieu Auditorium,Croix-Luizet
Essarts - Iris,Chassieu ZAC du Chêne
Meyzieu Gare,Vaulx-en-Velin La Soie
Gare de Villeurbanne,Décines Roosevelt
Gare de Vénissieux,Etats-Unis Viviani
Condorcet,Charpennes Charles Hernu
Condorcet,Darnaise
Dauphiné -Lacassagne,Meyzieu Z.i.
Perrache,Saint-André
Grange Rouge - Santy,Hôpitaux Est - Pinel
Parilly - Université,Grange Blanche
Jean Macé,Villon
Esplanade des Arts,Porte des Alpes
Cordière,Grange Blanche
Jean XXIII - M. Bastié,Salvador Allende
Route de Vienne,Parc Technologique
Collège Bellecombe,Université Lyon 1
Perrache,Vaulx-en-Velin La Soie
Saxe - Gambetta,Laennec
Jean XXIII - M. Bastié,Desgenettes
Charpennes Charles Hernu,Gratte Ciel
Grandclément,Cyprian - Léon Blum
Lycée Jacques Brel,Venissy Frida Kahlo
La Borelle,Lycée Jacques Brel
Bron Hôtel de Ville,Hôtel Région Montrochet
Villon,Alfred de Vigny
Lenine - Corsiere,Archives Departementales
Saxe - Gambetta,Mermoz - Pinel
Venissy Frida Kahlo,Lenine - Corsiere
Stade de Gerland Le LOU,Debourg
Laurent Bonnevay,Gratte Ciel
Croizat - Paul Bert,Division Leclerc
Gare de Vaise-G.Collomb,Gare de Vénissieux
Place Guichard,Gare d'Oullins
Bachut - Mairie du 8ème,Saint-Priest Bel Air
Université Lyon 1,Gare Part-Dieu Villette
Hôtel Région Montrochet,ENS Lyon
Lenine - Corsiere,Beauvisage CISL
Saint-André,Hôtel Région Montrochet
Le Tonkin,Venissy Frida Kahlo
Jet d'Eau - M. France,Lycée Lumière
Grange Blanche,Mermoz - Pinel
Bachut - Mairie du 8ème,Parilly - Université
Quai Claude Bernard,Université Lyon 1
Lycee J.P. Sartre,Grange Blanche
Cordeliers,Halles Paul Bocuse
Oullins Centre,St-Genis-Laval Hôp. Sud
Halles Paul Bocuse,Terrasses Presqu'île
IUT Feyssine,Hôtel Région Montrochet
Charpennes Charles Hernu,Halle Tony Garnier
Dauphiné -Lacassagne,Bel Air - Les Brosses
Centre Berthelot,Place des Archives
Grange Rouge - Santy,Mermoz - Moselle
Sans Souci,Mermoz - Pinel
Etats-Unis Tony Garnier,Herriot - Cagne
Saxe - Lafayette,Terrasses Presqu'île
Place Jean Jaurès,Jean Macé
Moulin à Vent,Mermoz - Pinel
Les Alizés,Cordière
Desgenettes,Esplanade des Arts
Laurent Bonnevay,Part-Dieu Jules Favre
Hauts de Feuilly,Esplanade des Arts
Esplanade des Arts,Hôtel Région Montrochet
Croix-Rousse,Hôtel de Ville L. Pradel
Parc du Chêne,Chassieu ZAC du Chêne
Guillotière Gabriel Péri,ENS Lyon
Les Alizés,Rebufer
Desgenettes,Bron Hôtel de Ville
Guillotière Gabriel Péri,Valmy
Division Leclerc,Lenine - Corsiere
Boutasse - C. Rousset,Saint-Priest Bel Air
Salvador Allende,Sainte-Blandine
Alfred de Vigny,Saint-Priest Bel Air
Bachut - Mairie du 8ème,Alfred de Vigny
Boutasse - C. Rousset,Parilly - Université
Darnaise,Lycee Colbert
Liberté,Place des Archives
Jean Macé,Bachut - Mairie du 8ème
Bachut - Mairie du 8ème,Essarts - Iris
Perrache,Debourg
Jet d'Eau - M. France,Saint-Priest Jules Ferry
Gare Saint-Paul,Bernaix
Saint-André,Université Lyon 1
Jet d'Eau - M. France,Les Alizés
Centre Berthelot,Boutasse - C. Rousset
Gare de Vénissieux,Le Tonkin
Gare Part-Dieu V.Merle,Oullins Centre
Etats-Unis Tony Garnier,Venissy Frida Kahlo
La Doua - Gaston Berger,Manufacture Montluc
Petite Guille,Mermoz - Californie
Garibaldi - Berthelot,Porte des Alpes
Etats-Unis Viviani,Lenine - Corsiere
Moulin à Vent,Beauvisage - Pressensé
Perrache,Grange Blanche
Les Alizés,Salvador Allende
Desgenettes,Parc Technologique
Laennec,Grange Blanche
La Borelle,Charpennes Charles Hernu
Monplaisir Lumière,Sans Souci
Université Lyon 1,Lycée Lumière
Hôtel Région Montrochet,Thiers - Lafayette
Europe - Université,Porte des Alpes
Parilly,Gorge de Loup
Essarts - Iris,Parc du Chêne
Collège Bellecombe,Herriot - Cagne
Perrache,Villon
Croix-Luizet,ENS Lyon
De Tassigny - Curial,Chassieu ZAC du Chêne
Le Tonkin,Etats-Unis Tony Garnier
Petite Guille,Hôpitaux Est - Pinel
Halle Tony Garnier,Thiers - Lafayette
Bron Hôtel de Ville,Eurexpo Entrée Princ.
Cyprian - Léon Blum,Terrasses Presqu'île
Blanqui - Le Rize,Bernaix
Collège Bellecombe,Place des Archives
Jet d'Eau - M. France,Hauts de Feuilly
Parc Technologique,Grange Blanche
Hôpitaux Est - Pinel,Vinatier
Jet d'Eau - M. France,Ambroise Paré
Guillotière Gabriel Péri,Debourg
Centre Berthelot,Jean XXIII - M. Bastié
Perrache,Cordeliers
Desgenettes,Mermoz - Californie
Saxe - Préfecture,IUT Feyssine
Masséna,Bellecour
Garibaldi - Berthelot,St-Priest Hôtel de Ville
Cordeliers,République Villeurbanne
Darnaise,Thiers - Lafayette
Université Lyon 1,Halle Tony Garnier
Croix-Rousse,Croix-Paquet
Bachut - Mairie du 8ème,Hôtel Région Montrochet
Gare Part-Dieu V.Merle,Stade de Gerland Le LOU
Paul Berliet,23 Août 1944
Vaulx-en-Velin La Soie,République Villeurbanne
Beauvisage CISL,Mermoz - Californie
Lycée Jacques Brel,Lycee Colbert
Le Tonkin,ENS Lyon
Bon Coin - Médipôle,Cordeliers
Décines Centre,Décines Grand Large
Guillotière Gabriel Péri,Mermoz - Pinel
Europe - Université,St-Priest Hôtel de Ville
Mermoz - Californie,Essarts - Laennec
La Feuillée,Thiers - Lafayette
Gare Part-Dieu V.Merle,Musée des Confluences
Perrache,Centre Berthelot
Desgenettes,Hôpitaux Est - Pinel
Guillotière Gabriel Péri,Saxe - Préfecture
Desgenettes,Chassieu ZAC du Chêne
Lycée Lumière,Hôp. Feyzin Vénissieux
Vieux Lyon Cat. St-Jean,Grange Blanche
Rebufer,Saint-Priest Bel Air
Essarts - Iris,Saint-Priest Jules Ferry
Beauvisage CISL,Hôpitaux Est - Pinel
Centre Berthelot,Garibaldi - Berthelot
Instit. Art Contemporain,Verlaine
Saint-Priest Jules Ferry,Grange Blanche
Croizat - Paul Bert,Gare Part-Dieu Villette
Laurent Bonnevay,Foch
Rebufer,Parilly - Université
Desgenettes,Moulin à Vent
Essarts - Iris,Les Alizés
Saxe - Préfecture,Le Tonkin
Brotteaux,Stade de Gerland Le LOU
Essarts - Iris,De Tassigny - Curial
Masséna,Hôtel de Ville L. Pradel
Perrache,Bachut - Mairie du 8ème
Lycée Lumière,Croizat - Paul Bert
Bron Hôtel de Ville,Europe - Université
Ambroise Paré,Porte des Alpes
Meyzieu Lycée Beltrame,Décines Roosevelt
Gare de Vénissieux,Lenine - Corsiere
Venissy Frida Kahlo,Hôp. Feyzin Vénissieux
Condorcet,Gare Part-Dieu Villette
Rue de l'Université,Hôtel Région Montrochet
Division Leclerc,Charpennes Charles Hernu
Saint-André,Place des Archives
Croizat - Paul Bert,Manufacture Montluc
Perrache,Condorcet
Lycée Lumière,Maurice Thorez
Mermoz - Moselle,Essarts - Laennec
Dauphiné -Lacassagne,Meyzieu les Panettes
Place des Archives,Hôtel Région Montrochet
Collège Bellecombe,Musée des Confluences
Saxe - Gambetta,Gare de Vaise-G.Collomb
Bel Air - Les Brosses,Décines Centre
Rebufer,Alfred de Vigny
Laennec,Garibaldi
Essarts - Iris,Hauts de Feuilly
Vaulx-en-Velin La Soie,Cusset
Beauvisage CISL,Mermoz - Moselle
Décines Centre,Gare Part-Dieu Villette
Lycée Jacques Brel,Thiers - Lafayette
Meyzieu Z.i.,Vaulx-en-Velin La Soie
Bel Air - Les Brosses,Décines Roosevelt
Palais Justice Mairie 3e,Halle Tony Garnier
Saxe - Préfecture,Part-Dieu Auditorium
Debourg,Mermoz - Pinel
Guillotière Gabriel Péri,Croix-Luizet
Etats-Unis Tony Garnier,Lycee Colbert
Parc Technologique,Esplanade des Arts
Liberté,ENS Lyon
Place Jean Jaurès,Oullins Centre
Charpennes Charles Hernu,République Villeurbanne
Garibaldi,Mermoz - Pinel
Ambroise Paré,St-Priest Hôtel de Ville
Condorcet,La Borelle
Quai Claude Bernard,Musée des Confluences
République Villeurbanne,Gratte Ciel
Grange Blanche,Bellecour
Gare de Vénissieux,Lycée Jacques Brel
Venissy Frida Kahlo,Maurice Thorez
Parilly,Mions Libération
Sans Souci,Gare de Vaise-G.Collomb
Cité Berliet,Route de Mions
Herriot - Cagne,Lycee Colbert
Instit. Art Contemporain,Charmettes
Croix-Luizet,Sainte-Blandine
Parc du Chêne,De Tassigny - Curial
Jean XXIII - M. Bastié,Saint-Priest Bel Air
Route de Vienne,Saint-Priest Jules Ferry
Université Lyon 1,Jet d'Eau - M. France
Maurice Thorez,Charpennes Charles Hernu
Lycée Lumière,M. Houël Hôtel de Ville
Saxe - Gambetta,Guillotière Gabriel Péri
Jean XXIII - M. Bastié,Parilly - Université
Rue de l'Université,Université Lyon 1
Lycée Jacques Brel,Darnaise
Route de Vienne,Les Alizés
La Borelle,Joliot-Curie - M. Sembat
Gare Part-Dieu Villette,Manufacture Montluc
Instit. Art Contemporain,Grandclément
Archives Departementales,Beauvisage CISL
Villon,Europe - Université
Jean Macé,Porte des Alpes
Mions Libération,Saint-Priest Salengro
Debourg,Beauvisage - Pressensé
Quai Claude Bernard,Saint-André
Décines Grand Large,Gare Part-Dieu Villette
Gare de Vénissieux,Grange Blanche
Etats-Unis Viviani,Hôp. Feyzin Vénissieux
Décines Grand Large,Meyzieu Z.i.
La Feuillée,Terrasses Presqu'île
Condorcet,Lycée Lumière
Le Tonkin,Sainte-Blandine
Parilly - Université,Porte des Alpes
Cordière,Porte des Alpes
Desgenettes,Parc du Chêne
Bon Coin - Médipôle,Saxe - Lafayette
Sans Souci,Guillotière Gabriel Péri
Place Jean Jaurès,Stade de Gerland Le LOU
La Doua - Gaston Berger,Etats-Unis Viviani
Liberté,Collège Bellecombe
Bon Coin - Médipôle,Instit. Art Contemporain
Saint-André,Musée des Confluences
Boutasse - C. Rousset,Eurexpo Entrée Princ.
Rebufer,Hôtel Région Montrochet
Jean XXIII - M. Bastié,Alfred de Vigny
Brotteaux,Place Guichard
Route de Vienne,Hauts de Feuilly
Quai Claude Bernard,Gare Part-Dieu V.Merle
Collège Bellecombe,Lycee Colbert
Collège Bellecombe,La Doua - Gaston Berger
Etats-Unis Tony Garnier,Thiers - Lafayette
Sainte-Blandine,Halle Tony Garnier
Hôtel de Ville L. Pradel,Ampère - Victor Hugo
Charpennes Charles Hernu,Cusset
Jean XXIII - M. Bastié,Essarts - Iris
Route de Vienne,Ambroise Paré
Lycée Jacques Brel,Division Leclerc
Valmy,Grange Blanche
Vaulx-en-Velin La Soie,Masséna
IUT Feyssine,Musée des Confluences
Joliot-Curie - M. Sembat,Charpennes Charles Hernu
Perrache,Bellecour
Laurent Bonnevay,Cusset
Gare Part-Dieu V.Merle,Thiers - Lafayette
Foch,République Villeurbanne
Jean Macé,St-Priest Hôtel de Ville
Herriot - Cagne,Thiers - Lafayette
M. Houël Hôtel de Ville,Hôp. Feyzin Vénissieux
Condorcet,Halle Tony Garnier
Bernaix,Cyprian - Léon Blum
Le Tonkin,Croix-Luizet
Le Tonkin,Division Leclerc
Jet d'Eau - M. France,Etats-Unis Tony Garnier
Meyzieu Gare,Meyzieu Z.i.
Etats-Unis Viviani,Maurice Thorez
Bachut - Mairie du 8ème,Europe - Université
Cordeliers,Thiers - Lafayette
Lycée Lumière,Manufacture Montluc
Garibaldi - Berthelot,Place des Archives
Parilly - Université,St-Priest Hôtel de Ville
Cité Berliet,Les Meurières
Charpennes Charles Hernu,ENS Lyon
Bon Coin - Médipôle,Gare Saint-Paul
Liberté,Saxe - Préfecture
Gare Part-Dieu Villette,Archives Departementales
Cité Berliet,Mions Libération
St-Priest Hôtel de Ville,Saint-Priest Bel Air
Etats-Unis Tony Garnier,Darnaise
Dauphiné -Lacassagne,Meyzieu Lycée Beltrame
La Doua - Gaston Berger,IUT Feyssine
Cordière,Hôtel Région Montrochet
Europe - Université,Place des Archives
Saxe - Préfecture,Debourg
Laurent Bonnevay,Vaulx-en-Velin La Soie
Le Tonkin,Hôp. Feyzin Vénissieux
Gare Part-Dieu Villette,Beauvisage CISL
Moulin à Vent,Essarts - Laennec
Les Alizés,Saint-Priest Bel Air
Desgenettes,Saint-Priest Jules Ferry
Route de Vienne,Jet d'Eau - M. France
Hauts de Feuilly,Saint-Priest Jules Ferry
Gare Part-Dieu V.Merle,Charpennes Charles Hernu
Saint-André,Gare Part-Dieu V.Merle
Les Alizés,Parilly - Université
Desgenettes,Les Alizés
Herriot - Cagne,Darnaise
Guillotière Gabriel Péri,Gare de Vaise-G.Collomb
Division Leclerc,Joliot-Curie - M. Sembat
Monplaisir Lumière,Gorge de Loup
Desgenettes,De Tassigny - Curial
Perrache,Alfred de Vigny
Place Jean Jaurès,Gare Part-Dieu V.Merle
M. Houël Hôtel de Ville,Maurice Thorez
Cordeliers,Charpennes Charles Hernu
Perrache,Essarts - Iris
Liberté,Sainte-Blandine
Le Tonkin,Croizat - Paul Bert
Etats-Unis Viviani,M. Houël Hôtel de Ville
Guillotière Gabriel Péri,Bellecour
Collège Bellecombe,Thiers - Lafayette
Lycee J.P. Sartre,Parc du Chêne
Ampère - Victor Hugo,République Villeurbanne
Jet d'Eau - M. France,Cordière
Centre Berthelot,Esplanade des Arts
Jean XXIII - M. Bastié,Hôtel Région Montrochet
Cité Berliet,Parc Nelson Mandela
Saint-André,La Doua - Gaston Berger
Jet d'Eau - M. France,Rebufer
Centre Berthelot,Bron Hôtel de Ville
Gare de Vénissieux,Condorcet
Vieux Lyon Cat. St-Jean,Bellecour
Perrache,Porte des Alpes
Gare Part-Dieu V.Merle,St-Genis-Laval Hôp. Sud
Etats-Unis Tony Garnier,Division Leclerc
Darnaise,Gare Part-Dieu Villette
Route de Mions,Parc Nelson Mandela
Les Meurières,Saint-Priest Salengro
Le Tonkin,Maurice Thorez
Moulin à Vent,Beauvisage CISL
Les Alizés,Alfred de Vigny
Quai Claude Bernard,Thiers - Lafayette
Desgenettes,Hauts de Feuilly
Lycée Lumière,Archives Departementales
Liberté,Croix-Luizet
23 Août 1944,Parc Nelson Mandela
Université Lyon 1,Etats-Unis Tony Garnier
Laurent Bonnevay,Masséna
Laurent Bonnevay,Blanqui - Le Rize
Collège Bellecombe,Charpennes Charles Hernu
Parilly,Valmy
Gare d'Oullins,Oullins Centre
Lycée Lumière,Beauvisage CISL
St-Priest Hôtel de Ville,Porte des Alpes
Laurent Bonnevay,Verlaine
Collège Bellecombe,Darnaise
Darnaise,Manufacture Montluc
Maurice Thorez,Joliot-Curie - M. Sembat
Instit. Art Contemporain,Cyprian - Léon Blum
Saxe - Gambetta,Vieux Lyon Cat. St-Jean
Bron Hôtel de Ville,Grange Blanche
Garibaldi - Berthelot,Jean XXIII - M. Bastié
Gare Part-Dieu V.Merle,Brotteaux
Jet d'Eau - M. France,Salvador Allende
Centre Berthelot,Parc Technologique
Part-Dieu Auditorium,IUT Feyssine
Jet d'Eau - M. France,Desgenettes
Valmy,Garibaldi
Ambroise Paré,Place des Archives
Venissy Frida Kahlo,Archives Departementales
Perrache,St-Priest Hôtel de Ville
Condorcet,Jet d'Eau - M. France
Etats-Unis Tony Garnier,Croizat - Paul Bert
Quai Claude Bernard,Charpennes Charles Hernu
Cordeliers,Flachet - Alain Gilles
Université Lyon 1,ENS Lyon
Perrache,Hôtel Région Montrochet
Venissy Frida Kahlo,Beauvisage CISL
Gare Part-Dieu V.Merle,Gare d'Oullins
Route de Mions,Saint-Priest Salengro
Part-Dieu Jules Favre,Verlaine
Vaulx-en-Velin La Soie,Flachet - Alain Gilles
Mermoz - Pinel,Essarts - Laennec
Sans Souci,Vieux Lyon Cat. St-Jean
Saxe - Préfecture,Croix-Luizet
Garibaldi,Bellecour
Cordeliers,Terrasses Presqu'île
Décines Centre,Meyzieu Gare
Saint-André,Thiers - Lafayette
Gare Saint-Paul,Cordeliers
Perrache,Jean Macé
23 Août 1944,Saint-Priest Salengro
Guillotière Gabriel Péri,Palais Justice Mairie 3e
Esplanade des Arts,Grange Blanche
Thiers - Lafayette,Verlaine
St-Priest Hôtel de Ville,Hôtel Région Montrochet
Saint-Priest Jules Ferry,Porte des Alpes
Lycée Jacques Brel,Gare Part-Dieu Villette
IUT Feyssine,Thiers - Lafayette
Gare de Vénissieux,M. Houël Hôtel de Ville
Ambroise Paré,Boutasse - C. Rousset
Part-Dieu Auditorium,Le Tonkin
Essarts - Iris,Cordière
Parilly,23 Août 1944
Jet d'Eau - M. France,Villon
Rue de l'Université,Musée des Confluences
Hauts de Feuilly,Place des Archives
Ambroise Paré,Lycee J.P. Sartre
Centre Berthelot,Route de Vienne
Les Alizés,Hôtel Région Montrochet
Laurent Bonnevay,Cordeliers
Rebufer,Europe - Université
Essarts - Iris,Rebufer
Saxe - Préfecture,Condorcet
Gorge de Loup,Gare de Vénissieux
Brotteaux,Gare d'Oullins
Masséna,Ampère - Victor Hugo
Laurent Bonnevay,Charmettes
Lenine - Corsiere,Charpennes Charles Hernu
Saint-André,Charpennes Charles Hernu
Blanqui - Le Rize,Cordeliers
Lycée Jacques Brel,Manufacture Montluc
Gare de Vénissieux,Bellecour
Gare de Vénissieux,Joliot-Curie - M. Sembat
Guillotière Gabriel Péri,Hôtel Région Montrochet
Villon,Grange Blanche
Place Jean Jaurès,Charpennes Charles Hernu
La Doua - Gaston Berger,Lenine - Corsiere
Parilly,Laennec
Debourg,Petite Guille
Perrache,Université Lyon 1
Parilly,Mermoz - Pinel
IUT Feyssine,Charpennes Charles Hernu
Décines Grand Large,Meyzieu Gare
Rue de l'Université,Saint-André
Guillotière Gabriel Péri,Rue de l'Université
Jean Macé,Place des Archives
Le Tonkin,Manufacture Montluc
Etats-Unis Viviani,Archives Departementales
Université Lyon 1,Debourg
Hénon,Cuire
Laennec,Gare de Vénissieux
Essarts - Iris,Salvador Allende
Bon Coin - Médipôle,Laurent Bonnevay
Part-Dieu Jules Favre,Charmettes
Grandclément,Verlaine
Saint-Priest Jules Ferry,Hôtel Région Montrochet
Etats-Unis Viviani,Beauvisage CISL
Palais Justice Mairie 3e,ENS Lyon
Parilly - Université,Place des Archives
Cordière,Place des Archives
Debourg,Essarts - Laennec
Les Meurières,Parilly
Jean Macé,Oullins Centre
Parc Technologique,Saint-Priest Jules Ferry
Musée des Confluences,Thiers - Lafayette
Lycée Lumière,Etats-Unis Viviani
La Feuillée,Part-Dieu Jules Favre
Place Jean Jaurès,St-Genis-Laval Hôp. Sud
Sainte-Blandine,Musée des Confluences
Charpennes Charles Hernu,Flachet - Alain Gilles
Rue de l'Université,Gare Part-Dieu V.Merle
Thiers - Lafayette,Charmettes
République Villeurbanne,Cusset
Part-Dieu Jules Favre,Grandclément
Meyzieu Gare,Meyzieu les Panettes
Foch,Charpennes Charles Hernu
La Doua - Gaston Berger,Lycée Jacques Brel
Etats-Unis Tony Garnier,Gare Part-Dieu Villette
Bon Coin - Médipôle,La Feuillée
Jean Macé,Boutasse - C. Rousset
M. Houël Hôtel de Ville,Archives Departementales
Route de Vienne,Cordière
Bachut - Mairie du 8ème,Grange Blanche
La Doua - Gaston Berger,Debourg
Jet d'Eau - M. France,Hôp. Feyzin Vénissieux
Thiers - Lafayette,Grandclément
Jean XXIII - M. Bastié,Europe - Université
Route de Vienne,Rebufer
Guillotière Gabriel Péri,Vieux Lyon Cat. St-Jean
La Borelle,Herriot - Cagne
M. Houël Hôtel de Ville,Beauvisage CISL
Herriot - Cagne,Gare Part-Dieu Villette
Place Jean Jaurès,Brotteaux
Grange Rouge - Santy,Mermoz - Pinel
Saint-Priest Bel Air,Place des Archives
Debourg,Beauvisage CISL
Etats-Unis Tony Garnier,Manufacture Montluc
Parc Technologique,Hauts de Feuilly
Jet d'Eau - M. France,Croizat - Paul Bert
Paul Berliet,Route de Mions
Condorcet,Etats-Unis Tony Garnier
Flachet - Alain Gilles,Cusset
Palais Justice Mairie 3e,Collège Bellecombe
Villon,Bachut - Mairie du 8ème
Les Alizés,Eurexpo Entrée Princ.
Stade de Gerland Le LOU,Oullins Centre
Jean Macé,Stade de Gerland Le LOU
Herriot - Cagne,Manufacture Montluc
Place Jean Jaurès,Gare d'Oullins
Gare Saint-Paul,Saxe - Lafayette
Palais Justice Mairie 3e,Debourg
Bon Coin - Médipôle,Halles Paul Bocuse
Grandclément,Charmettes
Bellecour,Charpennes Charles Hernu
Boutasse - C. Rousset,Grange Blanche
Gare Saint-Paul,Instit. Art Contemporain
Gare Part-Dieu Villette,Meyzieu Lycée Beltrame
Jean Macé,Jean XXIII - M. Bastié
Alfred de Vigny,Grange Blanche
Route de Vienne,Salvador Allende
Ampère - Victor Hugo,Charpennes Charles Hernu
Jet d'Eau - M. France,Maurice Thorez
Sainte-Blandine,ENS Lyon
Route de Vienne,Desgenettes
La Borelle,Venissy Frida Kahlo
Vaulx-en-Velin La Soie,Hôtel de Ville L. Pradel
Gare de Vénissieux,Archives Departementales
Université Lyon 1,Croix-Luizet
Université Lyon 1,Division Leclerc
Laurent Bonnevay,Saxe - Lafayette
Collège Bellecombe,Gare Part-Dieu Villette
Condorcet,ENS Lyon
Laurent Bonnevay,Instit. Art Contemporain
Perrache,Europe - Université
Gare de Vénissieux,Beauvisage CISL
Place des Archives,Grange Blanche
Instit. Art Contemporain,Bernaix
Garibaldi - Berthelot,Sainte-Blandine
Rue de l'Université,Thiers - Lafayette
Blanqui - Le Rize,Saxe - Lafayette
Blanqui - Le Rize,Instit. Art Contemporain
Dauphiné -Lacassagne,Décines Centre
Part-Dieu Auditorium,Debourg
Liberté,Palais Justice Mairie 3e
Cité Berliet,Mions Croix Rouge
Université Lyon 1,Hôp. Feyzin Vénissieux
Garibaldi,Vieux Lyon Cat. St-Jean
Jean Macé,Garibaldi - Berthelot
Décines Centre,Vaulx-en-Velin La Soie
Dauphiné -Lacassagne,Décines Roosevelt
Halles Paul Bocuse,Verlaine
Europe - Université,Sainte-Blandine
Lenine - Corsiere,Joliot-Curie - M. Sembat
Jet d'Eau - M. France,M. Houël Hôtel de Ville
Desgenettes,Cordière
Parc Technologique,Place des Archives
Hauts de Feuilly,Cordière
Saxe - Lafayette,Verlaine
Les Alizés,Europe - Université
Desgenettes,Rebufer
Division Leclerc,Herriot - Cagne
Monplaisir Lumière,Valmy
Université Lyon 1,Croizat - Paul Bert
Laurent Bonnevay,Bellecour
Collège Bellecombe,La Borelle
Garibaldi - Berthelot,Esplanade des Arts
Perrache,Boutasse - C. Rousset
Cordeliers,Gratte Ciel
Rue de l'Université,Charpennes Charles Hernu
Paul Berliet,Les Meurières
Ampère - Victor Hugo,Flachet - Alain Gilles
Garibaldi - Berthelot,Bron Hôtel de Ville
Paul Berliet,Mions Libération
Route de Vienne,Sainte-Blandine
Jet d'Eau - M. France,Saint-Priest Bel Air
Meyzieu Gare,Meyzieu Lycée Beltrame
Centre Berthelot,Saint-Priest Jules Ferry
Gare d'Oullins,Charpennes Charles Hernu
Jet d'Eau - M. France,Parilly - Université
Centre Berthelot,Les Alizés
Europe - Université,Esplanade des Arts
Challemel Lacour Artill.,Grange Rouge - Santy
Place des Archives,Charpennes Charles Hernu
Université Lyon 1,Maurice Thorez
Gare de Vénissieux,Université Lyon 1
Gare Part-Dieu V.Merle,Halle Tony Garnier
Part-Dieu Jules Favre,Cyprian - Léon Blum
Sainte-Blandine,Thiers - Lafayette
Petite Guille,Mermoz - Pinel
Palais Justice Mairie 3e,Croix-Luizet
Moulin à Vent,Grange Rouge - Santy
Laennec,Monplaisir Lumière
Desgenettes,Salvador Allende
Hauts de Feuilly,Salvador Allende
Décines Grand Large,Vaulx-en-Velin La Soie
Cordeliers,Part-Dieu Jules Favre
Collège Bellecombe,Lycée Lumière
Laurent Bonnevay,Hôtel de Ville L. Pradel
Thiers - Lafayette,Cyprian - Léon Blum
Bron Hôtel de Ville,Porte des Alpes
Rebufer,Grange Blanche
Parilly,Gare de Vaise-G.Collomb
Gare d'Oullins,St-Genis-Laval Hôp. Sud
Masséna,Cordeliers
Garibaldi - Berthelot,Parc Technologique
Perrache,Jean XXIII - M. Bastié
Le Tonkin,Etats-Unis Viviani
Maurice Thorez,Herriot - Cagne
Paul Berliet,Parc Nelson Mandela
Perrache,Musée des Confluences
Halles Paul Bocuse,Charmettes
Saxe - Préfecture,Hôtel Région Montrochet
Guillotière Gabriel Péri,Le Tonkin
Le Tonkin,Jet d'Eau - M. France
Jet d'Eau - M. France,Alfred de Vigny
Jet d'Eau - M. France,Manufacture Montluc
Centre Berthelot,Hauts de Feuilly
Parilly,Bellecour
Jet d'Eau - M. France,Essarts - Iris
Valmy,Gare de Vénissieux
Saxe - Lafayette,Charmettes
Ambroise Paré,Sainte-Blandine
Centre Berthelot,Ambroise Paré
Europe - Université,Parc Technologique
Université Lyon 1,M. Houël Hôtel de Ville
Desgenettes,Mermoz - Pinel
Petite Guille,Beauvisage - Pressensé
Halles Paul Bocuse,Grandclément
Essarts - Laennec,Vinatier
Lycée Lumière,Lenine - Corsiere
Saxe - Gambetta,Debourg
Collège Bellecombe,Halle Tony Garnier
Saxe - Lafayette,Grandclément
Beauvisage CISL,Mermoz - Pinel
La Borelle,Lycee Colbert
Reconnaissance - Balzac,Décines Grand Large
Monplaisir Lumière,Mermoz - Pinel
Bron Hôtel de Ville,St-Priest Hôtel de Ville
Parilly,Guillotière Gabriel Péri
Gorge de Loup,Valmy
Condorcet,Sainte-Blandine
Perrache,Garibaldi - Berthelot
Charmettes,Terrasses Presqu'île
Hôp. Feyzin Vénissieux,Archives Departementales
Guillotière Gabriel Péri,Part-Dieu Auditorium
Ambroise Paré,Esplanade des Arts
Garibaldi - Berthelot,Route de Vienne
Saxe - Gambetta,Grange Blanche
Le Tonkin,IUT Feyssine
Quai Claude Bernard,Halle Tony Garnier
République Villeurbanne,Flachet - Alain Gilles
Ambroise Paré,Bron Hôtel de Ville
Joliot-Curie - M. Sembat,Herriot - Cagne
Part-Dieu Auditorium,Condorcet
Villon,Essarts - Iris
Desgenettes,Sainte-Blandine
Essarts - Iris,Saint-Priest Bel Air
Hauts de Feuilly,Sainte-Blandine
Hôp. Feyzin Vénissieux,Beauvisage CISL
Centre Berthelot,Jet d'Eau - M. France
Gratte Ciel,Cusset
La Doua - Gaston Berger,M. Houël Hôtel de Ville
Perrache,Gare Part-Dieu V.Merle
Desgenettes,Beauvisage - Pressensé
Essarts - Iris,Parilly - Université
Saxe - Préfecture,Université Lyon 1
Meyzieu Z.i.,Meyzieu les Panettes
Lycée Lumière,Lycée Jacques Brel
Halle Tony Garnier,ENS Lyon
Villon,Porte des Alpes
Jean XXIII - M. Bastié,Grange Blanche
Jet d'Eau - M. France,Archives Departementales
Condorcet,Croix-Luizet
Condorcet,Division Leclerc
Gare de Vénissieux,Herriot - Cagne
Sans Souci,Grange Blanche
Jean Macé,Charpennes Charles Hernu
Croizat - Paul Bert,Hôp. Feyzin Vénissieux
Lycee Colbert,Thiers - Lafayette
La Doua - Gaston Berger,Joliot-Curie - M. Sembat
Jet d'Eau - M. France,Hôtel Région Montrochet
Université Lyon 1,Manufacture Montluc
Jet d'Eau - M. France,Beauvisage CISL
Perrache,La Doua - Gaston Berger
Challemel Lacour Artill.,Vinatier
Jean Macé,Sainte-Blandine
Guillotière Gabriel Péri,Saint-André
Gare de Villeurbanne,Décines Grand Large
Ambroise Paré,Parc Technologique
Essarts - Iris,Alfred de Vigny
Condorcet,Hôp. Feyzin Vénissieux
Moulin à Vent,Vinatier
Reconnaissance - Balzac,Gare Part-Dieu Villette
La Borelle,Thiers - Lafayette
Gare Part-Dieu V.Merle,Place des Archives
Saint-André,Halle Tony Garnier
Parilly - Université,Sainte-Blandine
Jean Macé,St-Genis-Laval Hôp. Sud
Parc Technologique,Cordière
Villon,St-Priest Hôtel de Ville
Bernaix,Verlaine
Condorcet,Croizat - Paul Bert
Vaulx-en-Velin La Soie,Foch
Lycee Colbert,Charpennes Charles Hernu
IUT Feyssine,Halle Tony Garnier
Gare de Vénissieux,Venissy Frida Kahlo
Croizat - Paul Bert,Maurice Thorez
Thiers - Lafayette,Beauvisage CISL
Foch,Gratte Ciel
Jean Macé,Esplanade des Arts
Villon,Hôtel Région Montrochet
Division Leclerc,Lycee Colbert
Bachut - Mairie du 8ème,Porte des Alpes
Liberté,IUT Feyssine
Hôtel Région Montrochet,Debourg
Gorge de Loup,Mermoz - Pinel
Jean Macé,Bron Hôtel de Ville
Route de Vienne,Saint-Priest Bel Air
Collège Bellecombe,Jet d'Eau - M. France
Stade de Gerland Le LOU,Charpennes Charles Hernu
Halle Tony Garnier,Debourg
Route de Vienne,Parilly - Université
Beauvisage - Pressensé,Mermoz - Californie
Parilly - Université,Esplanade des Arts
La Borelle,Darnaise
Laurent Bonnevay,Bernaix
Boutasse - C. Rousset,Alfred de Vigny
Condorcet,Maurice Thorez
Jean Macé,Brotteaux
Grange Rouge - Santy,Essarts - Laennec
Saint-Priest Bel Air,Sainte-Blandine
Esplanade des Arts,Saint-Priest Jules Ferry
Université Lyon 1,Archives Departementales
Debourg,Grange Rouge - Santy
Quai Claude Bernard,Liberté
Perrache,Thiers - Lafayette
Gare de Villeurbanne,Gare Part-Dieu Villette
Ambroise Paré,Chassieu ZAC du Chêne
St-Priest Hôtel de Ville,Grange Blanche
Université Lyon 1,Hôtel Région Montrochet
Saxe - Gambetta,Garibaldi
Université Lyon 1,Beauvisage CISL
Halles Paul Bocuse,Cyprian - Léon Blum
Parilly,Saxe - Gambetta
Beauvisage - Pressensé,Hôpitaux Est - Pinel
Boutasse - C. Rousset,Porte des Alpes
Les Alizés,Grange Blanche
Stade de Gerland Le LOU,St-Genis-Laval Hôp. Sud
Croizat - Paul Bert,M. Houël Hôtel de Ville
Alfred de Vigny,Porte des Alpes
Jean Macé,Gare d'Oullins
La Feuillée,Blanqui - Le Rize
Jean Macé,Parc Technologique
La Feuillée,Verlaine
Bachut - Mairie du 8ème,St-Priest Hôtel de Ville
Liberté,Le Tonkin
M. Houël Hôtel de Ville,Lenine - Corsiere
Bon Coin - Médipôle,Thiers - Lafayette
Saxe - Lafayette,Cyprian - Léon Blum
Bellecour,Gratte Ciel
Gare Part-Dieu Villette,Décines Roosevelt
Gare Saint-Paul,Halles Paul Bocuse
Part-Dieu Jules Favre,Bernaix
Etats-Unis Viviani,Lycée Jacques Brel
Essarts - Iris,Hôtel Région Montrochet
Route de Vienne,Alfred de Vigny
Ampère - Victor Hugo,Gratte Ciel
Musée des Confluences,Halle Tony Garnier
Maurice Thorez,Lycee Colbert
Quai Claude Bernard,Place des Archives
ENS Lyon,Debourg
Route de Vienne,Essarts - Iris
Lycée Jacques Brel,Lenine - Corsiere
La Borelle,Division Leclerc
Parilly - Université,Parc Technologique
Guillotière Gabriel Péri,Grange Blanche
Meyzieu Z.i.,Meyzieu Lycée Beltrame
Venissy Frida Kahlo,Charpennes Charles Hernu
Parilly,Vieux Lyon Cat. St-Jean
Perrache,Charpennes Charles Hernu
Collège Bellecombe,Venissy Frida Kahlo
Sans Souci,Garibaldi
Mermoz - Pinel,Vinatier
Thiers - Lafayette,Bernaix
La Doua - Gaston Berger,Archives Departementales
Division Leclerc,Thiers - Lafayette
Petite Guille,Mermoz - Moselle
Le Tonkin,Lenine - Corsiere
Jet d'Eau - M. France,Etats-Unis Viviani
Porte des Alpes,Sainte-Blandine
La Doua - Gaston Berger,Hôtel Région Montrochet
La Doua - Gaston Berger,Beauvisage CISL
Saint-André,Liberté
Beauvisage - Pressensé,Mermoz - Moselle
Boutasse - C. Rousset,St-Priest Hôtel de Ville
Alfred de Vigny,St-Priest Hôtel de Ville
Blanqui - Le Rize,Halles Paul Bocuse
